0109528258980013211;*g?*j.>Zj,tM;hlMy
0109526600646732211>jc4*2MyO%?>YTIyMy
0109528064496702211.jhk%=di!'A.NjE?MS
0109526628853277211?WE3ODQwODc/%DU%Yy
0109529635006561211YWI2ZTUxN2ItYj?>YS
0109523120084285211(zQ4O_M3.,Y(ZT.2"C
0109524079862245211(=?w=2U:Ym/tZ.I.MS
0109527573307049211_T&i,TM1NDA*OTY?NC
0109522542536598211Z.?w:GZjO*&-/GU?O!
0109529344024959211MzA4<2>'"zctYmUzNy
0109520609212244211Y2+1NDU0:?I"ZDB?OS
0109521823526704211ODIyYTdhYjYtY*kwN/
0109528573028921211(j'lZWQyZW?t?z.jOC
0109524324204487211+(Z/Nj)*YmUtOT%>Ni
0109528531655170211OTY1NDI0*WYt*.Q3'C
0109523388513675211NzY5ZmE0O&EtNG.3OC
0109529895306117211!WI5YTIy+DUtM%Y*Ny
0109521595178494211+jky?TRiN2QtMzgzN?
0109520422709834211Yj<w>TViY=ktMThlM<
0109525816959901211ZT,k<_:%??Ut(jJhO'
0109529254574463211ZD/lMz?2<z!tN)Q1Zi
0109527902152342211ODl=YW'w-DctMzVjN=
0109528287165885211OGZ.OWYw(mEt>zN&NS
0109529336667571211ZjR:YWU2N"%"M'RkN_
0109524452410060211ZTMyMTV%OW+tZGU-/S
0109527653904297211ODI;/;U*Y?UtMj,3*y
0109520300618064211ZjV=MDM+YjktYjA_MS
0109522042137571211N2U%?;Y5YT;tYTllNy
0109525017293944211NmNiZmJh%+YtNmMwNC
0109523696109309211NG)1O-I0<WItZTc1Y"
0109521744329366211N'k2ODg4M_!tMGNhM:
0109521158363840211YmE<Nz_l<'UtNDZj?=
0109521504182887211M:M4N?A:OGYtN>QxZi
0109521108645849211YjQ1/mMzOWU*.:kz"y
0109525210298425211Mzd"ZWQxN=Yt*=;(Y_
0109522109450392211:TM:Y(Y?N%ktNzA2*C
0109529930827544211"=/yOWM1MjYtNWZkOS
0109528832186636211NDF)YjQwMzI%YzV>."
0109526300514397211/:Rh?GZ.NTAt%)Qw>*
0109521141818768211Z<UyODl(Y=QtN2>&MS
0109520536490572211<W'3Nj.5OTUtY;YyYi
0109528191240567211OW_.M'Ri-DAt!D=mYS
0109521614822688211ZmZkM_,?Mz=t(jEx(C
0109528575677215211YzE5MmMx%TMtN;NiZi
0109527165332315211MjM&N>Q?ZD?t?D:0OS
0109525854361155211NDc=Yj?zOG,tY%I2O<
0109522432494621211OGM1MjE*Z!QtYzAzZC
0109524791403646211ZmY5?)kyZGYtMjUw?C
0109523361005399211MTQ:M+/&OG;&,;*?N;
0109528003394529211M%IxN2U1'G&tOWI4OC
0109529732821443211Y2U2NDM?-TAt//gwNi
0109523763721586211O?YyND-5N2>(%&IzN&
0109529490047970211(DQy;-*4O;?tY<:3ZC
0109523284670238211N2I2NmV'MTk;M%Ni<y
0109522380262640211Z;Yx,mM5M2It(2I4<,
0109526018063857211?WJlNDE1OW:tO!FlO?
0109522081121818211YTA2Yz>.<%Mt.T_-O_
0109525199880618211ZjM;OGMxN,Q:Nzh/'?
0109521980090367211NzRkY&V)Y_%tMjhi*C
0109520833608720211.jZ*?mNiO?"tNjhlNC
0109522530931976211ZG)0ZDg4Z>E'MjN/>*
0109527506336550211MjMz/;I<Zm(t(!+jMi
0109524247767975211NGY+OT*1"GY%N/)*YS
0109525944998797211YWM5+()lNjY&ZDk0ZC
0109525162327845211MT_0Zm'1YzUtO;_5NS
0109529956152419211MTNjZTc4!T?>Ym_iNS
0109527027750169211,D:jYz!1OG!t;Dg0!<
0109521629679452211ZmZhZ_J'MTA(N2?1O?
0109523184662591211?2U,*)YwZGIt%WE4Yi
0109523805878615211'D+m'm*iNjg?OTFlNy
0109520286844760211NWRjMT=*MT't>z-<M-
0109524808474182211M=ZiNmI4=%AtM.:yNi
0109524621340259211?T+1Y+/x:%Yt?!djM%
0109529487585270211Nz.lY'ZhY;Qt+z+jY%
0109523443408697211MD:3ZmVmZ.E<NWV-Yy
0109528602961878211ZGV*!TAz%DctMzk3>-
0109524180131518211Z>YwMjVh+TYt;WR.NS
0109523155480238211>/VhZ;E&=mM";z;mYy
0109521238919927211ODE5/jY"NTQ+N(FlNy
0109528841932029211_.<1'*JlODktOGJjN/
0109529217939489211YW(_*T!->Tg:"TE0Y/
0109521070123703211Z+ljODllM<QtMz%j/i
0109529486828415211N<k+M>.yNWE-=!I<Y?
0109526877582792211MDk2&TM1ZT.tY+/iY&
0109523427406949211M+Uy?mI-M;,t_(IwZi
0109520910272059211;T)3MzM5/GU=O;BmM"
0109526856798359211ZDd.NTBkMj!:M2/2ZC
0109523305205683211NTh&NTZiMj?t'zcxN-
0109522605709208211Nj'mZWUzYjktMDk1.C
0109521288039971211OTVi?T>5,*=t,=>k/>
0109527047527535211_??l.TRhMzct_Tg=!C
0109523829084390211?)YyMzE1ZDct,(N*'C
0109521715576899211=W;"Z/g5YjYtNDV:NC
0109527107400471211+T,iYTIyM-gtMjYy:C
0109528395069262211!:,yZTY2N"&,Y2E1My
0109520656179019211N?)3MWQwYj*tMjc2?!
0109522264596592211/TA,OD>jMG?t+j-lO?
0109528528158271211OT,yNTA2+Tgt?mQ1M:
0109525069466083211YmNhNThmZ>M%Z-RjNi
0109525004772628211O!BhYz%zMzct*)*z.+
